<?xml version="1.0" encoding="UTF-8"?>
<databaseChangeLog
        xmlns="http://www.liquibase.org/xml/ns/dbchangelog"
        xmlns:xsi="http://www.w3.org/2001/XMLSchema-instance"
        xsi:schemaLocation="http://www.liquibase.org/xml/ns/dbchangelog http://www.liquibase.org/xml/ns/dbchangelog/dbchangelog-4.4.xsd">

    <changeSet id="1" author="vlad">
        <createTable tableName="student">
            <column name="id" type="int" autoIncrement="true">
                <constraints primaryKey="true" nullable="false"/>
            </column>
            <column name="name" type="varchar(255)">
                <constraints nullable="false" />
            </column>
        </createTable>

        <insert tableName="student">
            <column name="name" value="Alice"/>
        </insert>
        <insert tableName="student">
            <column name="name" value="Bob"/>
        </insert>
        <insert tableName="student">
            <column name="name" value="Charlie"/>
        </insert>


        <createTable tableName="course">
            <column name="id" type="int" autoIncrement="true">
                <constraints primaryKey="true" nullable="false"/>
            </column>
            <column name="name" type="varchar(255)">
                <constraints nullable="false" />
            </column>
        </createTable>

        <insert tableName="course">
            <column name="name" value="Math"/>
        </insert>
        <insert tableName="course">
            <column name="name" value="Biology"/>
        </insert>

    </changeSet>
</databaseChangeLog>